"SourceFile","SourceLine","OriginalSectionContext","OriginalLabelOrPlaceholder","ComponentSignal","FieldTypeSignal","RequiredSignal","ExistingBusinessRule","ProposedModernSection","ProposedVisualComponent","PreservationStatus"
"frontend/src/pages/Clients.jsx","2409","Unsectioned / Source Context Required","","Unknown","input","Not detected on same line","Preserve existing Clients.jsx behavior exactly","To be mapped in preservation registry","To be mapped after source review","Must preserve before any UI modernization"
"frontend/src/pages/Clients.jsx","2425","Unsectioned / Source Context Required","","Unknown","input","Not detected on same line","Preserve existing Clients.jsx behavior exactly","To be mapped in preservation registry","To be mapped after source review","Must preserve before any UI modernization"
"frontend/src/pages/Clients.jsx","2429","Unsectioned / Source Context Required","Phone, email, or contact detail for","placeholder",,"Not detected on same line","Preserve existing Clients.jsx behavior exactly","To be mapped in preservation registry","To be mapped after source review","Must preserve before any UI modernization"
"frontend/src/pages/Clients.jsx","3609","Client Registration / Full Client Profile","","Unknown","button/action","Not detected on same line","Preserve existing Clients.jsx behavior exactly","To be mapped in preservation registry","To be mapped after source review","Must preserve before any UI modernization"
"frontend/src/pages/Clients.jsx","3636","Advanced Client Directory / Manual Management","","Unknown","button/action","Not detected on same line","Preserve existing Clients.jsx behavior exactly","To be mapped in preservation registry","To be mapped after source review","Must preserve before any UI modernization"
"frontend/src/pages/Clients.jsx","3640","Advanced Client Directory / Manual Management","","Unknown","button/action","Not detected on same line","Preserve existing Clients.jsx behavior exactly","To be mapped in preservation registry","To be mapped after source review","Must preserve before any UI modernization"
"frontend/src/pages/Clients.jsx","3650","Advanced Client Directory / Manual Management","","Unknown","select","Not detected on same line","Preserve existing Clients.jsx behavior exactly","To be mapped in preservation registry","To be mapped after source review","Must preserve before any UI modernization"
"frontend/src/pages/Clients.jsx","3675","Advanced Client Directory / Manual Management","","Unknown","input","Not detected on same line","Preserve existing Clients.jsx behavior exactly","To be mapped in preservation registry","To be mapped after source review","Must preserve before any UI modernization"
"frontend/src/pages/Clients.jsx","3679","Advanced Client Directory / Manual Management","Search as you type: name, phone, WhatsApp, email, NRIC/passport, postcode, town/city, district, municipality, council, borough, state, tags or remarks","placeholder",,"Not detected on same line","Preserve existing Clients.jsx behavior exactly","To be mapped in preservation registry","To be mapped after source review","Must preserve before any UI modernization"
"frontend/src/pages/Clients.jsx","3688","Advanced Client Directory / Manual Management","","Unknown","select","Not detected on same line","Preserve existing Clients.jsx behavior exactly","To be mapped in preservation registry","To be mapped after source review","Must preserve before any UI modernization"
"frontend/src/pages/Clients.jsx","3709","Advanced Client Directory / Manual Management","","Unknown","select","Not detected on same line","Preserve existing Clients.jsx behavior exactly","To be mapped in preservation registry","To be mapped after source review","Must preserve before any UI modernization"
"frontend/src/pages/Clients.jsx","3713","Advanced Client Directory / Manual Management","","Unknown","input","Not detected on same line","Preserve existing Clients.jsx behavior exactly","To be mapped in preservation registry","To be mapped after source review","Must preserve before any UI modernization"
"frontend/src/pages/Clients.jsx","3716","Advanced Client Directory / Manual Management","Type tag/category manually","placeholder",,"Not detected on same line","Preserve existing Clients.jsx behavior exactly","To be mapped in preservation registry","To be mapped after source review","Must preserve before any UI modernization"
"frontend/src/pages/Clients.jsx","3723","Advanced Client Directory / Manual Management","","Unknown","button/action","Not detected on same line","Preserve existing Clients.jsx behavior exactly","To be mapped in preservation registry","To be mapped after source review","Must preserve before any UI modernization"
"frontend/src/pages/Clients.jsx","3727","Advanced Client Directory / Manual Management","","Unknown","button/action","Not detected on same line","Preserve existing Clients.jsx behavior exactly","To be mapped in preservation registry","To be mapped after source review","Must preserve before any UI modernization"
"frontend/src/pages/Clients.jsx","3739","Advanced Client Directory / Manual Management","","Unknown","button/action","Not detected on same line","Preserve existing Clients.jsx behavior exactly","To be mapped in preservation registry","To be mapped after source review","Must preserve before any UI modernization"
"frontend/src/pages/Clients.jsx","3755","Advanced Client Directory / Manual Management","","Unknown","button/action","Not detected on same line","Preserve existing Clients.jsx behavior exactly","To be mapped in preservation registry","To be mapped after source review","Must preserve before any UI modernization"
"frontend/src/pages/Clients.jsx","3757","Advanced Client Directory / Manual Management","","Unknown","button/action","Not detected on same line","Preserve existing Clients.jsx behavior exactly","To be mapped in preservation registry","To be mapped after source review","Must preserve before any UI modernization"
"frontend/src/pages/Clients.jsx","3763","Advanced Client Directory / Manual Management","","Unknown","button/action","Not detected on same line","Preserve existing Clients.jsx behavior exactly","To be mapped in preservation registry","To be mapped after source review","Must preserve before any UI modernization"
"frontend/src/pages/Clients.jsx","3768","Advanced Client Directory / Manual Management","","Unknown","button/action","Not detected on same line","Preserve existing Clients.jsx behavior exactly","To be mapped in preservation registry","To be mapped after source review","Must preserve before any UI modernization"
"frontend/src/pages/Clients.jsx","3788","View Client Profile","","Unknown","button/action","Not detected on same line","Preserve existing Clients.jsx behavior exactly","To be mapped in preservation registry","To be mapped after source review","Must preserve before any UI modernization"
"frontend/src/pages/Clients.jsx","3799","View Client Profile","","Unknown","button/action","Detected near field; verify exact existing rule before refactor","Preserve existing Clients.jsx behavior exactly","To be mapped in preservation registry","To be mapped after source review","Must preserve before any UI modernization"
"frontend/src/pages/Clients.jsx","3800","View Client Profile","","Unknown","button/action","Detected near field; verify exact existing rule before refactor","Preserve existing Clients.jsx behavior exactly","To be mapped in preservation registry","To be mapped after source review","Must preserve before any UI modernization"
"frontend/src/pages/Clients.jsx","3816","View Client Profile","","Unknown","button/action","Not detected on same line","Preserve existing Clients.jsx behavior exactly","To be mapped in preservation registry","To be mapped after source review","Must preserve before any UI modernization"
"frontend/src/pages/Clients.jsx","3819","View Client Profile","","Unknown","button/action","Not detected on same line","Preserve existing Clients.jsx behavior exactly","To be mapped in preservation registry","To be mapped after source review","Must preserve before any UI modernization"
"frontend/src/pages/Clients.jsx","3846","Client Search / Contact Lookup","","Unknown","input","Not detected on same line","Preserve existing Clients.jsx behavior exactly","To be mapped in preservation registry","To be mapped after source review","Must preserve before any UI modernization"
"frontend/src/pages/Clients.jsx","3849","Client Search / Contact Lookup","Search local client contact database","placeholder",,"Not detected on same line","Preserve existing Clients.jsx behavior exactly","To be mapped in preservation registry","To be mapped after source review","Must preserve before any UI modernization"
"frontend/src/pages/Clients.jsx","3851","Client Search / Contact Lookup","","Unknown","input","Not detected on same line","Preserve existing Clients.jsx behavior exactly","To be mapped in preservation registry","To be mapped after source review","Must preserve before any UI modernization"
"frontend/src/pages/Clients.jsx","3854","Client Search / Contact Lookup","Google Contacts search-ready field","placeholder",,"Not detected on same line","Preserve existing Clients.jsx behavior exactly","To be mapped in preservation registry","To be mapped after source review","Must preserve before any UI modernization"
"frontend/src/pages/Clients.jsx","3857","Client Search / Contact Lookup","","Unknown","button/action","Not detected on same line","Preserve existing Clients.jsx behavior exactly","To be mapped in preservation registry","To be mapped after source review","Must preserve before any UI modernization"
"frontend/src/pages/Clients.jsx","3872","Client Search / Contact Lookup","","Unknown","button/action","Not detected on same line","Preserve existing Clients.jsx behavior exactly","To be mapped in preservation registry","To be mapped after source review","Must preserve before any UI modernization"
"frontend/src/pages/Clients.jsx","3873","Client Search / Contact Lookup","","Unknown","button/action","Not detected on same line","Preserve existing Clients.jsx behavior exactly","To be mapped in preservation registry","To be mapped after source review","Must preserve before any UI modernization"
"frontend/src/pages/Clients.jsx","3874","Client Search / Contact Lookup","","Unknown","button/action","Not detected on same line","Preserve existing Clients.jsx behavior exactly","To be mapped in preservation registry","To be mapped after source review","Must preserve before any UI modernization"
"frontend/src/pages/Clients.jsx","3903","Client Search / Contact Lookup","","Unknown","button/action","Not detected on same line","Preserve existing Clients.jsx behavior exactly","To be mapped in preservation registry","To be mapped after source review","Must preserve before any UI modernization"
"frontend/src/pages/Clients.jsx","3904","Client Search / Contact Lookup","","Unknown","button/action","Not detected on same line","Preserve existing Clients.jsx behavior exactly","To be mapped in preservation registry","To be mapped after source review","Must preserve before any UI modernization"
"frontend/src/pages/Clients.jsx","3905","Client Search / Contact Lookup","","Unknown","button/action","Not detected on same line","Preserve existing Clients.jsx behavior exactly","To be mapped in preservation registry","To be mapped after source review","Must preserve before any UI modernization"
"frontend/src/pages/Clients.jsx","3931","Client Profile Details","Title Prefix                updateForm(""titlePrefix"", event.target.value)}>                 Select title                 {TITLE_PREFIX_OPTIONS.map((option) => (                   {option}                 ))}","label-window",,"Detected near field; verify exact existing rule before refactor","Preserve existing Clients.jsx behavior exactly","To be mapped in preservation registry","To be mapped after source review","Must preserve before any UI modernization"
"frontend/src/pages/Clients.jsx","3933","Client Profile Details","","Unknown","select","Detected near field; verify exact existing rule before refactor","Preserve existing Clients.jsx behavior exactly","To be mapped in preservation registry","To be mapped after source review","Must preserve before any UI modernization"
"frontend/src/pages/Clients.jsx","3941","Client Profile Details","Initials","label-window",,"Not detected on same line","Preserve existing Clients.jsx behavior exactly","To be mapped in preservation registry","To be mapped after source review","Must preserve before any UI modernization"
"frontend/src/pages/Clients.jsx","3943","Client Profile Details","","Unknown","input","Not detected on same line","Preserve existing Clients.jsx behavior exactly","To be mapped in preservation registry","To be mapped after source review","Must preserve before any UI modernization"
"frontend/src/pages/Clients.jsx","3948","Client Profile Details","","Unknown","input","Detected near field; verify exact existing rule before refactor","Preserve existing Clients.jsx behavior exactly","To be mapped in preservation registry","To be mapped after source review","Must preserve before any UI modernization"
"frontend/src/pages/Clients.jsx","3952","Client Profile Details","Given name","placeholder",,"Detected near field; verify exact existing rule before refactor","Preserve existing Clients.jsx behavior exactly","To be mapped in preservation registry","To be mapped after source review","Must preserve before any UI modernization"
"frontend/src/pages/Clients.jsx","3957","Client Profile Details","Surname / Last Name                updateForm(""surname"", event.target.value)}                 placeholder=""Surname / Last name""               />","label-window",,"Not detected on same line","Preserve existing Clients.jsx behavior exactly","To be mapped in preservation registry","To be mapped after source review","Must preserve before any UI modernization"
"frontend/src/pages/Clients.jsx","3959","Client Profile Details","","Unknown","input","Not detected on same line","Preserve existing Clients.jsx behavior exactly","To be mapped in preservation registry","To be mapped after source review","Must preserve before any UI modernization"
"frontend/src/pages/Clients.jsx","3963","Client Profile Details","Surname / Last name","placeholder",,"Not detected on same line","Preserve existing Clients.jsx behavior exactly","To be mapped in preservation registry","To be mapped after source review","Must preserve before any UI modernization"
"frontend/src/pages/Clients.jsx","3969","Client Profile Details","","Unknown","select","Not detected on same line","Preserve existing Clients.jsx behavior exactly","To be mapped in preservation registry","To be mapped after source review","Must preserve before any UI modernization"
"frontend/src/pages/Clients.jsx","3979","Client Profile Details","updateForm(""titleGenderOverride"", event.target.checked)}               />               Manual title/gender override","label-window",,"Not detected on same line","Preserve existing Clients.jsx behavior exactly","To be mapped in preservation registry","To be mapped after source review","Must preserve before any UI modernization"
"frontend/src/pages/Clients.jsx","3980","Client Profile Details","","Unknown","input","Not detected on same line","Preserve existing Clients.jsx behavior exactly","To be mapped in preservation registry","To be mapped after source review","Must preserve before any UI modernization"
"frontend/src/pages/Clients.jsx","3989","Client Profile Details","Override Reason                  updateForm(""titleOverrideReason"", event.target.value)}                   placeholder=""Record verified reason for title/gender override.""                 />","label-window",,"Not detected on same line","Preserve existing Clients.jsx behavior exactly","To be mapped in preservation registry","To be mapped after source review","Must preserve before any UI modernization"
"frontend/src/pages/Clients.jsx","3991","Client Profile Details","","Unknown","textarea","Not detected on same line","Preserve existing Clients.jsx behavior exactly","To be mapped in preservation registry","To be mapped after source review","Must preserve before any UI modernization"
"frontend/src/pages/Clients.jsx","3994","Client Profile Details","Record verified reason for title/gender override.","placeholder",,"Not detected on same line","Preserve existing Clients.jsx behavior exactly","To be mapped in preservation registry","To be mapped after source review","Must preserve before any UI modernization"
"frontend/src/pages/Clients.jsx","4004","Client Identification Details","Immigration / Documented Status                updateForm(""residencyStatus"", event.target.value)}>                 {RESIDENCY_STATUS_OPTIONS.map((option) => (                   {option}                 ))}","label-window",,"Detected near field; verify exact existing rule before refactor","Preserve existing Clients.jsx behavior exactly","To be mapped in preservation registry","To be mapped after source review","Must preserve before any UI modernization"
"frontend/src/pages/Clients.jsx","4006","Client Identification Details","","Unknown","select","Detected near field; verify exact existing rule before refactor","Preserve existing Clients.jsx behavior exactly","To be mapped in preservation registry","To be mapped after source review","Must preserve before any UI modernization"
"frontend/src/pages/Clients.jsx","4013","Client Identification Details","ID Type                updateForm(""identificationKind"", event.target.value)}>                 {IDENTIFICATION_KIND_OPTIONS.map((option) => (                   {option}                 ))}","label-window",,"Detected near field; verify exact existing rule before refactor","Preserve existing Clients.jsx behavior exactly","To be mapped in preservation registry","To be mapped after source review","Must preserve before any UI modernization"
"frontend/src/pages/Clients.jsx","4015","Client Identification Details","","Unknown","select","Detected near field; verify exact existing rule before refactor","Preserve existing Clients.jsx behavior exactly","To be mapped in preservation registry","To be mapped after source review","Must preserve before any UI modernization"
"frontend/src/pages/Clients.jsx","4022","Client Identification Details","Identity Card Colour / Document Class                updateForm(""identityCardColour"", event.target.value)}>                 {IDENTITY_CARD_COLOUR_OPTIONS.map((option) => (                   {option}                 ))}                              Blue auto-confirms Malaysian Citizen.","label-window",,"Detected near field; verify exact existing rule before refactor","Preserve existing Clients.jsx behavior exactly","To be mapped in preservation registry","To be mapped after source review","Must preserve before any UI modernization"
"frontend/src/pages/Clients.jsx","4024","Client Identification Details","","Unknown","select","Detected near field; verify exact existing rule before refactor","Preserve existing Clients.jsx behavior exactly","To be mapped in preservation registry","To be mapped after source review","Must preserve before any UI modernization"
"frontend/src/pages/Clients.jsx","4034","Client Identification Details","","Unknown","input","Detected near field; verify exact existing rule before refactor","Preserve existing Clients.jsx behavior exactly","To be mapped in preservation registry","To be mapped after source review","Must preserve before any UI modernization"
"frontend/src/pages/Clients.jsx","4038","Client Identification Details","Enter NRIC or Passport No.","placeholder",,"Detected near field; verify exact existing rule before refactor","Preserve existing Clients.jsx behavior exactly","To be mapped in preservation registry","To be mapped after source review","Must preserve before any UI modernization"
"frontend/src/pages/Clients.jsx","4043","Client Identification Details","Date of Birth","label-window",,"Not detected on same line","Preserve existing Clients.jsx behavior exactly","To be mapped in preservation registry","To be mapped after source review","Must preserve before any UI modernization"
"frontend/src/pages/Clients.jsx","4045","Client Identification Details","","Unknown","input","Not detected on same line","Preserve existing Clients.jsx behavior exactly","To be mapped in preservation registry","To be mapped after source review","Must preserve before any UI modernization"
"frontend/src/pages/Clients.jsx","4048","Client Identification Details","State of Birth / Registration                              Auto-populated from NRIC middle two digits.","label-window",,"Not detected on same line","Preserve existing Clients.jsx behavior exactly","To be mapped in preservation registry","To be mapped after source review","Must preserve before any UI modernization"
"frontend/src/pages/Clients.jsx","4050","Client Identification Details","","Unknown","input","Not detected on same line","Preserve existing Clients.jsx behavior exactly","To be mapped in preservation registry","To be mapped after source review","Must preserve before any UI modernization"
"frontend/src/pages/Clients.jsx","4054","Client Identification Details","Age Category                              Adult: 18-59. Senior Citizen: 60 onwards. Minor records are blocked.","label-window",,"Not detected on same line","Preserve existing Clients.jsx behavior exactly","To be mapped in preservation registry","To be mapped after source review","Must preserve before any UI modernization"
"frontend/src/pages/Clients.jsx","4056","Client Identification Details","","Unknown","input","Not detected on same line","Preserve existing Clients.jsx behavior exactly","To be mapped in preservation registry","To be mapped after source review","Must preserve before any UI modernization"
"frontend/src/pages/Clients.jsx","4060","Client Identification Details","Generation Classification","label-window",,"Not detected on same line","Preserve existing Clients.jsx behavior exactly","To be mapped in preservation registry","To be mapped after source review","Must preserve before any UI modernization"
"frontend/src/pages/Clients.jsx","4062","Client Identification Details","","Unknown","input","Not detected on same line","Preserve existing Clients.jsx behavior exactly","To be mapped in preservation registry","To be mapped after source review","Must preserve before any UI modernization"
"frontend/src/pages/Clients.jsx","4067","Client Identification Details","","Unknown","input","Not detected on same line","Preserve existing Clients.jsx behavior exactly","To be mapped in preservation registry","To be mapped after source review","Must preserve before any UI modernization"
"frontend/src/pages/Clients.jsx","4071","Client Identification Details","Search/select ethnicity","placeholder",,"Not detected on same line","Preserve existing Clients.jsx behavior exactly","To be mapped in preservation registry","To be mapped after source review","Must preserve before any UI modernization"
"frontend/src/pages/Clients.jsx","4083","Client Identification Details","","Unknown","input","Detected near field; verify exact existing rule before refactor","Preserve existing Clients.jsx behavior exactly","To be mapped in preservation registry","To be mapped after source review","Must preserve before any UI modernization"
"frontend/src/pages/Clients.jsx","4087","Client Identification Details","Search or type nationality","placeholder",,"Detected near field; verify exact existing rule before refactor","Preserve existing Clients.jsx behavior exactly","To be mapped in preservation registry","To be mapped after source review","Must preserve before any UI modernization"
"frontend/src/pages/Clients.jsx","4094","Client Identification Details","Other Ethnicity Description                  updateForm(""ethnicityOther"", event.target.value)}                   placeholder=""Describe ethnicity""                 />","label-window",,"Not detected on same line","Preserve existing Clients.jsx behavior exactly","To be mapped in preservation registry","To be mapped after source review","Must preserve before any UI modernization"
"frontend/src/pages/Clients.jsx","4096","Client Identification Details","","Unknown","input","Not detected on same line","Preserve existing Clients.jsx behavior exactly","To be mapped in preservation registry","To be mapped after source review","Must preserve before any UI modernization"
"frontend/src/pages/Clients.jsx","4099","Client Identification Details","Describe ethnicity","placeholder",,"Not detected on same line","Preserve existing Clients.jsx behavior exactly","To be mapped in preservation registry","To be mapped after source review","Must preserve before any UI modernization"
"frontend/src/pages/Clients.jsx","4109","Employment Details","Employment Status                updateForm(""employmentStatus"", event.target.value)}>                 {EMPLOYMENT_STATUS_OPTIONS.map((option) => (                   {option}                 ))}","label-window",,"Not detected on same line","Preserve existing Clients.jsx behavior exactly","To be mapped in preservation registry","To be mapped after source review","Must preserve before any UI modernization"
"frontend/src/pages/Clients.jsx","4111","Employment Details","","Unknown","select","Not detected on same line","Preserve existing Clients.jsx behavior exactly","To be mapped in preservation registry","To be mapped after source review","Must preserve before any UI modernization"
"frontend/src/pages/Clients.jsx","4123","Family and Marital Details","Marital / Family Status                updateForm(""maritalStatus"", event.target.value)}>                 {MARITAL_STATUS_OPTIONS.map((option) => (                   {option}                 ))}","label-window",,"Not detected on same line","Preserve existing Clients.jsx behavior exactly","To be mapped in preservation registry","To be mapped after source review","Must preserve before any UI modernization"
"frontend/src/pages/Clients.jsx","4125","Family and Marital Details","","Unknown","select","Not detected on same line","Preserve existing Clients.jsx behavior exactly","To be mapped in preservation registry","To be mapped after source review","Must preserve before any UI modernization"
"frontend/src/pages/Clients.jsx","4132","Family and Marital Details","updateForm(""hasDependents"", event.target.checked)}               />               Has Dependents?","label-window",,"Not detected on same line","Preserve existing Clients.jsx behavior exactly","To be mapped in preservation registry","To be mapped after source review","Must preserve before any UI modernization"
"frontend/src/pages/Clients.jsx","4133","Family and Marital Details","","Unknown","input","Not detected on same line","Preserve existing Clients.jsx behavior exactly","To be mapped in preservation registry","To be mapped after source review","Must preserve before any UI modernization"
"frontend/src/pages/Clients.jsx","4145","Family and Marital Details","","Unknown","input","Not detected on same line","Preserve existing Clients.jsx behavior exactly","To be mapped in preservation registry","To be mapped after source review","Must preserve before any UI modernization"
"frontend/src/pages/Clients.jsx","4150","Family and Marital Details","Example: 2","placeholder",,"Not detected on same line","Preserve existing Clients.jsx behavior exactly","To be mapped in preservation registry","To be mapped after source review","Must preserve before any UI modernization"
"frontend/src/pages/Clients.jsx","4154","Family and Marital Details","Dependent Notes                    updateForm(""dependentNotes"", event.target.value)}                     placeholder=""Example: minor children, elderly parent, caregiver responsibility, financial dependents.""                   />","label-window",,"Not detected on same line","Preserve existing Clients.jsx behavior exactly","To be mapped in preservation registry","To be mapped after source review","Must preserve before any UI modernization"
"frontend/src/pages/Clients.jsx","4156","Family and Marital Details","","Unknown","textarea","Not detected on same line","Preserve existing Clients.jsx behavior exactly","To be mapped in preservation registry","To be mapped after source review","Must preserve before any UI modernization"
"frontend/src/pages/Clients.jsx","4159","Family and Marital Details","Example: minor children, elderly parent, caregiver responsibility, financial dependents.","placeholder",,"Not detected on same line","Preserve existing Clients.jsx behavior exactly","To be mapped in preservation registry","To be mapped after source review","Must preserve before any UI modernization"
"frontend/src/pages/Clients.jsx","4172","Matter Context and Case Origin","Client Role in Matter                updateForm(""clientRoleInMatter"", event.target.value)}>                 {CLIENT_ROLE_IN_MATTER_OPTIONS.map((option) => (                   {option}                 ))}","label-window",,"Not detected on same line","Preserve existing Clients.jsx behavior exactly","To be mapped in preservation registry","To be mapped after source review","Must preserve before any UI modernization"
"frontend/src/pages/Clients.jsx","4174","Matter Context and Case Origin","","Unknown","select","Not detected on same line","Preserve existing Clients.jsx behavior exactly","To be mapped in preservation registry","To be mapped after source review","Must preserve before any UI modernization"
"frontend/src/pages/Clients.jsx","4181","Matter Context and Case Origin","Case Origin                updateForm(""caseOriginType"", event.target.value)}>                 {CASE_ORIGIN_TYPE_OPTIONS.map((option) => (                   {option}                 ))}","label-window",,"Not detected on same line","Preserve existing Clients.jsx behavior exactly","To be mapped in preservation registry","To be mapped after source review","Must preserve before any UI modernization"
"frontend/src/pages/Clients.jsx","4183","Matter Context and Case Origin","","Unknown","select","Not detected on same line","Preserve existing Clients.jsx behavior exactly","To be mapped in preservation registry","To be mapped after source review","Must preserve before any UI modernization"
"frontend/src/pages/Clients.jsx","4191","Matter Context and Case Origin","Previous Firm                  updateForm(""previousFirmName"", event.target.value)}                   placeholder=""Previous firm name, if known""                 />","label-window",,"Not detected on same line","Preserve existing Clients.jsx behavior exactly","To be mapped in preservation registry","To be mapped after source review","Must preserve before any UI modernization"
"frontend/src/pages/Clients.jsx","4193","Matter Context and Case Origin","","Unknown","input","Not detected on same line","Preserve existing Clients.jsx behavior exactly","To be mapped in preservation registry","To be mapped after source review","Must preserve before any UI modernization"
"frontend/src/pages/Clients.jsx","4196","Matter Context and Case Origin","Previous firm name, if known","placeholder",,"Not detected on same line","Preserve existing Clients.jsx behavior exactly","To be mapped in preservation registry","To be mapped after source review","Must preserve before any UI modernization"
"frontend/src/pages/Clients.jsx","4202","Matter Context and Case Origin","Co-counsel / Partner Firm Notes                  updateForm(""coCounselNotes"", event.target.value)}                   placeholder=""Example: joint representation, co-counsel, merged client group, shared litigation strategy.""                 />","label-window",,"Not detected on same line","Preserve existing Clients.jsx behavior exactly","To be mapped in preservation registry","To be mapped after source review","Must preserve before any UI modernization"
"frontend/src/pages/Clients.jsx","4204","Matter Context and Case Origin","","Unknown","textarea","Not detected on same line","Preserve existing Clients.jsx behavior exactly","To be mapped in preservation registry","To be mapped after source review","Must preserve before any UI modernization"
"frontend/src/pages/Clients.jsx","4207","Matter Context and Case Origin","Example: joint representation, co-counsel, merged client group, shared litigation strategy.","placeholder",,"Not detected on same line","Preserve existing Clients.jsx behavior exactly","To be mapped in preservation registry","To be mapped after source review","Must preserve before any UI modernization"
"frontend/src/pages/Clients.jsx","4219","Client Tenure and Value Indicators","Client Since                updateForm(""clientSince"", event.target.value)}               />               Relationship duration: {getRelationshipDurationLabel(form.clientSince)}","label-window",,"Not detected on same line","Preserve existing Clients.jsx behavior exactly","To be mapped in preservation registry","To be mapped after source review","Must preserve before any UI modernization"
"frontend/src/pages/Clients.jsx","4221","Client Tenure and Value Indicators","","Unknown","input","Not detected on same line","Preserve existing Clients.jsx behavior exactly","To be mapped in preservation registry","To be mapped after source review","Must preserve before any UI modernization"
"frontend/src/pages/Clients.jsx","4231","Client Tenure and Value Indicators","","Unknown","input","Not detected on same line","Preserve existing Clients.jsx behavior exactly","To be mapped in preservation registry","To be mapped after source review","Must preserve before any UI modernization"
"frontend/src/pages/Clients.jsx","4236","Client Tenure and Value Indicators","Manual count if backend matter records are unavailable","placeholder",,"Not detected on same line","Preserve existing Clients.jsx behavior exactly","To be mapped in preservation registry","To be mapped after source review","Must preserve before any UI modernization"
"frontend/src/pages/Clients.jsx","4240","Client Tenure and Value Indicators","Estimated Client Value Tier                updateForm(""clientValueTier"", event.target.value)}>                 {CLIENT_VALUE_TIER_OPTIONS.map((option) => (                   {option}                 ))}","label-window",,"Not detected on same line","Preserve existing Clients.jsx behavior exactly","To be mapped in preservation registry","To be mapped after source review","Must preserve before any UI modernization"
"frontend/src/pages/Clients.jsx","4242","Client Tenure and Value Indicators","","Unknown","select","Not detected on same line","Preserve existing Clients.jsx behavior exactly","To be mapped in preservation registry","To be mapped after source review","Must preserve before any UI modernization"
"frontend/src/pages/Clients.jsx","4249","Client Tenure and Value Indicators","Revenue / Value Notes                updateForm(""clientValueNotes"", event.target.value)}                 placeholder=""Manual notes only. Example: repeat client, multiple matters, strategic client, high-touch account.""               />","label-window",,"Not detected on same line","Preserve existing Clients.jsx behavior exactly","To be mapped in preservation registry","To be mapped after source review","Must preserve before any UI modernization"
"frontend/src/pages/Clients.jsx","4251","Client Tenure and Value Indicators","","Unknown","textarea","Not detected on same line","Preserve existing Clients.jsx behavior exactly","To be mapped in preservation registry","To be mapped after source review","Must preserve before any UI modernization"
"frontend/src/pages/Clients.jsx","4254","Client Tenure and Value Indicators","Manual notes only. Example: repeat client, multiple matters, strategic client, high-touch account.","placeholder",,"Not detected on same line","Preserve existing Clients.jsx behavior exactly","To be mapped in preservation registry","To be mapped after source review","Must preserve before any UI modernization"
"frontend/src/pages/Clients.jsx","4265","Will / Estate Handling Metadata","Will Status                updateForm(""willStatus"", event.target.value)}>                 {WILL_STATUS_OPTIONS.map((option) => (                   {option}                 ))}","label-window",,"Not detected on same line","Preserve existing Clients.jsx behavior exactly","To be mapped in preservation registry","To be mapped after source review","Must preserve before any UI modernization"
"frontend/src/pages/Clients.jsx","4267","Will / Estate Handling Metadata","","Unknown","select","Not detected on same line","Preserve existing Clients.jsx behavior exactly","To be mapped in preservation registry","To be mapped after source review","Must preserve before any UI modernization"
"frontend/src/pages/Clients.jsx","4276","Will / Estate Handling Metadata","Will Reference Notes                    updateForm(""willReferenceNotes"", event.target.value)}                     placeholder=""Example: will exists, held by client, executor named, copy requested, court access may be required.""                   />","label-window",,"Detected near field; verify exact existing rule before refactor","Preserve existing Clients.jsx behavior exactly","To be mapped in preservation registry","To be mapped after source review","Must preserve before any UI modernization"
"frontend/src/pages/Clients.jsx","4278","Will / Estate Handling Metadata","","Unknown","textarea","Detected near field; verify exact existing rule before refactor","Preserve existing Clients.jsx behavior exactly","To be mapped in preservation registry","To be mapped after source review","Must preserve before any UI modernization"
"frontend/src/pages/Clients.jsx","4281","Will / Estate Handling Metadata","Example: will exists, held by client, executor named, copy requested, court access may be required.","placeholder",,"Detected near field; verify exact existing rule before refactor","Preserve existing Clients.jsx behavior exactly","To be mapped in preservation registry","To be mapped after source review","Must preserve before any UI modernization"
"frontend/src/pages/Clients.jsx","4285","Will / Estate Handling Metadata","updateForm(""willRestrictedAccess"", event.target.checked)}                   />                   Restricted to authorized legal parties only","label-window",,"Not detected on same line","Preserve existing Clients.jsx behavior exactly","To be mapped in preservation registry","To be mapped after source review","Must preserve before any UI modernization"
"frontend/src/pages/Clients.jsx","4286","Will / Estate Handling Metadata","","Unknown","input","Not detected on same line","Preserve existing Clients.jsx behavior exactly","To be mapped in preservation registry","To be mapped after source review","Must preserve before any UI modernization"
"frontend/src/pages/Clients.jsx","4301","Will / Estate Handling Metadata","","Unknown","input","Not detected on same line","Preserve existing Clients.jsx behavior exactly","To be mapped in preservation registry","To be mapped after source review","Must preserve before any UI modernization"
"frontend/src/pages/Clients.jsx","4327","Health / OKU / Disability and Accommodation Metadata","Health / Disability Status                updateForm(""healthDisabilityStatus"", event.target.value)}>                 {HEALTH_DISABILITY_STATUS_OPTIONS.map((option) => (                   {option}                 ))}","label-window",,"Not detected on same line","Preserve existing Clients.jsx behavior exactly","To be mapped in preservation registry","To be mapped after source review","Must preserve before any UI modernization"
"frontend/src/pages/Clients.jsx","4329","Health / OKU / Disability and Accommodation Metadata","","Unknown","select","Not detected on same line","Preserve existing Clients.jsx behavior exactly","To be mapped in preservation registry","To be mapped after source review","Must preserve before any UI modernization"
"frontend/src/pages/Clients.jsx","4336","Health / OKU / Disability and Accommodation Metadata","updateForm(""accommodationRequired"", event.target.checked)}               />               Communication Accommodation Required","label-window",,"Detected near field; verify exact existing rule before refactor","Preserve existing Clients.jsx behavior exactly","To be mapped in preservation registry","To be mapped after source review","Must preserve before any UI modernization"
"frontend/src/pages/Clients.jsx","4337","Health / OKU / Disability and Accommodation Metadata","","Unknown","input","Detected near field; verify exact existing rule before refactor","Preserve existing Clients.jsx behavior exactly","To be mapped in preservation registry","To be mapped after source review","Must preserve before any UI modernization"
"frontend/src/pages/Clients.jsx","4346","Health / OKU / Disability and Accommodation Metadata","Accommodation Notes                  updateForm(""accommodationNotes"", event.target.value)}                   placeholder=""Example: prefers written communication, mobility access, hearing/visual support, medical sensitivity, appointment timing needs.""                 />","label-window",,"Not detected on same line","Preserve existing Clients.jsx behavior exactly","To be mapped in preservation registry","To be mapped after source review","Must preserve before any UI modernization"
"frontend/src/pages/Clients.jsx","4348","Health / OKU / Disability and Accommodation Metadata","","Unknown","textarea","Not detected on same line","Preserve existing Clients.jsx behavior exactly","To be mapped in preservation registry","To be mapped after source review","Must preserve before any UI modernization"
"frontend/src/pages/Clients.jsx","4351","Health / OKU / Disability and Accommodation Metadata","Example: prefers written communication, mobility access, hearing/visual support, medical sensitivity, appointment timing needs.","placeholder",,"Not detected on same line","Preserve existing Clients.jsx behavior exactly","To be mapped in preservation registry","To be mapped after source review","Must preserve before any UI modernization"
"frontend/src/pages/Clients.jsx","4364","4. Contact Information and Communication Preferences","","Unknown","input","Not detected on same line","Preserve existing Clients.jsx behavior exactly","To be mapped in preservation registry","To be mapped after source review","Must preserve before any UI modernization"
"frontend/src/pages/Clients.jsx","4368","4. Contact Information and Communication Preferences","client@example.com","placeholder",,"Not detected on same line","Preserve existing Clients.jsx behavior exactly","To be mapped in preservation registry","To be mapped after source review","Must preserve before any UI modernization"
"frontend/src/pages/Clients.jsx","4376","4. Contact Information and Communication Preferences","","Unknown","input","Not detected on same line","Preserve existing Clients.jsx behavior exactly","To be mapped in preservation registry","To be mapped after source review","Must preserve before any UI modernization"
"frontend/src/pages/Clients.jsx","4380","4. Contact Information and Communication Preferences","+60 Malaysia","placeholder",,"Not detected on same line","Preserve existing Clients.jsx behavior exactly","To be mapped in preservation registry","To be mapped after source review","Must preserve before any UI modernization"
"frontend/src/pages/Clients.jsx","4382","4. Contact Information and Communication Preferences","","Unknown","input","Detected near field; verify exact existing rule before refactor","Preserve existing Clients.jsx behavior exactly","To be mapped in preservation registry","To be mapped after source review","Must preserve before any UI modernization"
"frontend/src/pages/Clients.jsx","4386","4. Contact Information and Communication Preferences","0123456789","placeholder",,"Detected near field; verify exact existing rule before refactor","Preserve existing Clients.jsx behavior exactly","To be mapped in preservation registry","To be mapped after source review","Must preserve before any UI modernization"
"frontend/src/pages/Clients.jsx","4395","4. Contact Information and Communication Preferences","updateForm(""hasBackupPhone"", event.target.checked)}               />               Add Secondary / Backup Phone Number","label-window",,"Not detected on same line","Preserve existing Clients.jsx behavior exactly","To be mapped in preservation registry","To be mapped after source review","Must preserve before any UI modernization"
"frontend/src/pages/Clients.jsx","4396","4. Contact Information and Communication Preferences","","Unknown","input","Not detected on same line","Preserve existing Clients.jsx behavior exactly","To be mapped in preservation registry","To be mapped after source review","Must preserve before any UI modernization"
"frontend/src/pages/Clients.jsx","4408","4. Contact Information and Communication Preferences","","Unknown","input","Not detected on same line","Preserve existing Clients.jsx behavior exactly","To be mapped in preservation registry","To be mapped after source review","Must preserve before any UI modernization"
"frontend/src/pages/Clients.jsx","4412","4. Contact Information and Communication Preferences","+60 Malaysia","placeholder",,"Not detected on same line","Preserve existing Clients.jsx behavior exactly","To be mapped in preservation registry","To be mapped after source review","Must preserve before any UI modernization"
"frontend/src/pages/Clients.jsx","4414","4. Contact Information and Communication Preferences","","Unknown","input","Not detected on same line","Preserve existing Clients.jsx behavior exactly","To be mapped in preservation registry","To be mapped after source review","Must preserve before any UI modernization"
"frontend/src/pages/Clients.jsx","4418","4. Contact Information and Communication Preferences","Backup phone, if any","placeholder",,"Not detected on same line","Preserve existing Clients.jsx behavior exactly","To be mapped in preservation registry","To be mapped after source review","Must preserve before any UI modernization"
"frontend/src/pages/Clients.jsx","4427","4. Contact Information and Communication Preferences","updateForm(""whatsappSameAsPhone"", event.target.checked)}               />               WhatsApp number same as primary phone number","label-window",,"Not detected on same line","Preserve existing Clients.jsx behavior exactly","To be mapped in preservation registry","To be mapped after source review","Must preserve before any UI modernization"
"frontend/src/pages/Clients.jsx","4428","4. Contact Information and Communication Preferences","","Unknown","input","Not detected on same line","Preserve existing Clients.jsx behavior exactly","To be mapped in preservation registry","To be mapped after source review","Must preserve before any UI modernization"
"frontend/src/pages/Clients.jsx","4440","4. Contact Information and Communication Preferences","","Unknown","input","Not detected on same line","Preserve existing Clients.jsx behavior exactly","To be mapped in preservation registry","To be mapped after source review","Must preserve before any UI modernization"
"frontend/src/pages/Clients.jsx","4444","4. Contact Information and Communication Preferences","+60 Malaysia","placeholder",,"Not detected on same line","Preserve existing Clients.jsx behavior exactly","To be mapped in preservation registry","To be mapped after source review","Must preserve before any UI modernization"
"frontend/src/pages/Clients.jsx","4446","4. Contact Information and Communication Preferences","","Unknown","input","Not detected on same line","Preserve existing Clients.jsx behavior exactly","To be mapped in preservation registry","To be mapped after source review","Must preserve before any UI modernization"
"frontend/src/pages/Clients.jsx","4449","4. Contact Information and Communication Preferences","WhatsApp number","placeholder",,"Not detected on same line","Preserve existing Clients.jsx behavior exactly","To be mapped in preservation registry","To be mapped after source review","Must preserve before any UI modernization"
"frontend/src/pages/Clients.jsx","4455","4. Contact Information and Communication Preferences","WhatsApp Message Template                updateForm(""whatsappMessageTemplate"", event.target.value)}>                 {Object.keys(WHATSAPP_MESSAGE_TEMPLATES).map((template) => (                   {template}                 ))}","label-window",,"Not detected on same line","Preserve existing Clients.jsx behavior exactly","To be mapped in preservation registry","To be mapped after source review","Must preserve before any UI modernization"
"frontend/src/pages/Clients.jsx","4457","4. Contact Information and Communication Preferences","","Unknown","select","Not detected on same line","Preserve existing Clients.jsx behavior exactly","To be mapped in preservation registry","To be mapped after source review","Must preserve before any UI modernization"
"frontend/src/pages/Clients.jsx","4476","4. Contact Information and Communication Preferences","Custom WhatsApp Message                  updateForm(""whatsappCustomMessage"", event.target.value)}                   placeholder=""Type custom WhatsApp message.""                 />","label-window",,"Not detected on same line","Preserve existing Clients.jsx behavior exactly","To be mapped in preservation registry","To be mapped after source review","Must preserve before any UI modernization"
"frontend/src/pages/Clients.jsx","4478","4. Contact Information and Communication Preferences","","Unknown","textarea","Not detected on same line","Preserve existing Clients.jsx behavior exactly","To be mapped in preservation registry","To be mapped after source review","Must preserve before any UI modernization"
"frontend/src/pages/Clients.jsx","4481","4. Contact Information and Communication Preferences","Type custom WhatsApp message.","placeholder",,"Not detected on same line","Preserve existing Clients.jsx behavior exactly","To be mapped in preservation registry","To be mapped after source review","Must preserve before any UI modernization"
"frontend/src/pages/Clients.jsx","4499","4. Contact Information and Communication Preferences","","Unknown","select","Not detected on same line","Preserve existing Clients.jsx behavior exactly","To be mapped in preservation registry","To be mapped after source review","Must preserve before any UI modernization"
"frontend/src/pages/Clients.jsx","4513","4. Contact Information and Communication Preferences","","Unknown","select","Not detected on same line","Preserve existing Clients.jsx behavior exactly","To be mapped in preservation registry","To be mapped after source review","Must preserve before any UI modernization"
"frontend/src/pages/Clients.jsx","4527","4. Contact Information and Communication Preferences","","Unknown","button/action","Not detected on same line","Preserve existing Clients.jsx behavior exactly","To be mapped in preservation registry","To be mapped after source review","Must preserve before any UI modernization"
"frontend/src/pages/Clients.jsx","4540","4. Contact Information and Communication Preferences","","Unknown","select","Not detected on same line","Preserve existing Clients.jsx behavior exactly","To be mapped in preservation registry","To be mapped after source review","Must preserve before any UI modernization"
"frontend/src/pages/Clients.jsx","4554","4. Contact Information and Communication Preferences","","Unknown","select","Not detected on same line","Preserve existing Clients.jsx behavior exactly","To be mapped in preservation registry","To be mapped after source review","Must preserve before any UI modernization"
"frontend/src/pages/Clients.jsx","4568","4. Contact Information and Communication Preferences","","Unknown","select","Not detected on same line","Preserve existing Clients.jsx behavior exactly","To be mapped in preservation registry","To be mapped after source review","Must preserve before any UI modernization"
"frontend/src/pages/Clients.jsx","4582","4. Contact Information and Communication Preferences","Contactable Hours                                 updateForm(""preferredContactHoursFrom"", event.target.value)} />                  updateForm(""preferredContactHoursTo"", event.target.value)} />","label-window",,"Not detected on same line","Preserve existing Clients.jsx behavior exactly","To be mapped in preservation registry","To be mapped after source review","Must preserve before any UI modernization"
"frontend/src/pages/Clients.jsx","4585","4. Contact Information and Communication Preferences","","Unknown","input","Not detected on same line","Preserve existing Clients.jsx behavior exactly","To be mapped in preservation registry","To be mapped after source review","Must preserve before any UI modernization"
"frontend/src/pages/Clients.jsx","4586","4. Contact Information and Communication Preferences","","Unknown","input","Not detected on same line","Preserve existing Clients.jsx behavior exactly","To be mapped in preservation registry","To be mapped after source review","Must preserve before any UI modernization"
"frontend/src/pages/Clients.jsx","4590","4. Contact Information and Communication Preferences","updateForm(""isClientUnavailable"", event.target.checked)}               />               Client is away / unavailable / overseas","label-window",,"Not detected on same line","Preserve existing Clients.jsx behavior exactly","To be mapped in preservation registry","To be mapped after source review","Must preserve before any UI modernization"
"frontend/src/pages/Clients.jsx","4591","4. Contact Information and Communication Preferences","","Unknown","input","Not detected on same line","Preserve existing Clients.jsx behavior exactly","To be mapped in preservation registry","To be mapped after source review","Must preserve before any UI modernization"
"frontend/src/pages/Clients.jsx","4600","4. Contact Information and Communication Preferences","Unavailable Until                                     updateForm(""unavailableUntilDate"", event.target.value)} />                    updateForm(""unavailableUntilTime"", event.target.value)} />                                  Date format: dd/mm/yyyy where applicable.                 {getUnavailableStatus(form)}","label-window",,"Not detected on same line","Preserve existing Clients.jsx behavior exactly","To be mapped in preservation registry","To be mapped after source review","Must preserve before any UI modernization"
"frontend/src/pages/Clients.jsx","4603","4. Contact Information and Communication Preferences","","Unknown","input","Not detected on same line","Preserve existing Clients.jsx behavior exactly","To be mapped in preservation registry","To be mapped after source review","Must preserve before any UI modernization"
"frontend/src/pages/Clients.jsx","4604","4. Contact Information and Communication Preferences","","Unknown","input","Not detected on same line","Preserve existing Clients.jsx behavior exactly","To be mapped in preservation registry","To be mapped after source review","Must preserve before any UI modernization"
"frontend/src/pages/Clients.jsx","4612","4. Contact Information and Communication Preferences","Reason for Unavailability                  updateForm(""availabilityReason"", event.target.value)}>                   {AVAILABILITY_REASON_OPTIONS.map((option) => (                     {option}                   ))}","label-window",,"Not detected on same line","Preserve existing Clients.jsx behavior exactly","To be mapped in preservation registry","To be mapped after source review","Must preserve before any UI modernization"
"frontend/src/pages/Clients.jsx","4614","4. Contact Information and Communication Preferences","","Unknown","select","Not detected on same line","Preserve existing Clients.jsx behavior exactly","To be mapped in preservation registry","To be mapped after source review","Must preserve before any UI modernization"
"frontend/src/pages/Clients.jsx","4623","4. Contact Information and Communication Preferences","Other Unavailability Reason                  updateForm(""availabilityReasonOther"", event.target.value)}                   placeholder=""Enter reason""                 />","label-window",,"Not detected on same line","Preserve existing Clients.jsx behavior exactly","To be mapped in preservation registry","To be mapped after source review","Must preserve before any UI modernization"
"frontend/src/pages/Clients.jsx","4625","4. Contact Information and Communication Preferences","","Unknown","input","Not detected on same line","Preserve existing Clients.jsx behavior exactly","To be mapped in preservation registry","To be mapped after source review","Must preserve before any UI modernization"
"frontend/src/pages/Clients.jsx","4628","4. Contact Information and Communication Preferences","Enter reason","placeholder",,"Not detected on same line","Preserve existing Clients.jsx behavior exactly","To be mapped in preservation registry","To be mapped after source review","Must preserve before any UI modernization"
"frontend/src/pages/Clients.jsx","4633","4. Contact Information and Communication Preferences","updateForm(""enableCommunicationTimingNotes"", event.target.checked)}               />               Add Additional Contact / Communication Timing Notes / Comments","label-window",,"Not detected on same line","Preserve existing Clients.jsx behavior exactly","To be mapped in preservation registry","To be mapped after source review","Must preserve before any UI modernization"
"frontend/src/pages/Clients.jsx","4634","4. Contact Information and Communication Preferences","","Unknown","input","Not detected on same line","Preserve existing Clients.jsx behavior exactly","To be mapped in preservation registry","To be mapped after source review","Must preserve before any UI modernization"
"frontend/src/pages/Clients.jsx","4643","4. Contact Information and Communication Preferences","Additional Contact / Communication Timing Notes / Comments                  updateForm(""communicationTimingNotes"", event.target.value)}                   placeholder=""Example: reachable after 6pm, WhatsApp only, overseas number active on weekends.""                 />","label-window",,"Not detected on same line","Preserve existing Clients.jsx behavior exactly","To be mapped in preservation registry","To be mapped after source review","Must preserve before any UI modernization"
"frontend/src/pages/Clients.jsx","4645","4. Contact Information and Communication Preferences","","Unknown","textarea","Not detected on same line","Preserve existing Clients.jsx behavior exactly","To be mapped in preservation registry","To be mapped after source review","Must preserve before any UI modernization"
"frontend/src/pages/Clients.jsx","4648","4. Contact Information and Communication Preferences","Example: reachable after 6pm, WhatsApp only, overseas number active on weekends.","placeholder",,"Not detected on same line","Preserve existing Clients.jsx behavior exactly","To be mapped in preservation registry","To be mapped after source review","Must preserve before any UI modernization"
"frontend/src/pages/Clients.jsx","4671","Address and Service Location Details","Address Type                updateForm(""addressType"", event.target.value)}>                 {ADDRESS_TYPE_OPTIONS.map((option) => (                   {option}                 ))}","label-window",,"Not detected on same line","Preserve existing Clients.jsx behavior exactly","To be mapped in preservation registry","To be mapped after source review","Must preserve before any UI modernization"
"frontend/src/pages/Clients.jsx","4673","Address and Service Location Details","","Unknown","select","Not detected on same line","Preserve existing Clients.jsx behavior exactly","To be mapped in preservation registry","To be mapped after source review","Must preserve before any UI modernization"
"frontend/src/pages/Clients.jsx","4682","Address and Service Location Details","","Unknown","input","Not detected on same line","Preserve existing Clients.jsx behavior exactly","To be mapped in preservation registry","To be mapped after source review","Must preserve before any UI modernization"
"frontend/src/pages/Clients.jsx","4686","Address and Service Location Details","Search or type country","placeholder",,"Not detected on same line","Preserve existing Clients.jsx behavior exactly","To be mapped in preservation registry","To be mapped after source review","Must preserve before any UI modernization"
"frontend/src/pages/Clients.jsx","4696","Address and Service Location Details","Building / House No.                  updateForm(""buildingHouseNo"", event.target.value)}                   placeholder=""House / unit no.""                 />","label-window",,"Not detected on same line","Preserve existing Clients.jsx behavior exactly","To be mapped in preservation registry","To be mapped after source review","Must preserve before any UI modernization"
"frontend/src/pages/Clients.jsx","4698","Address and Service Location Details","","Unknown","input","Not detected on same line","Preserve existing Clients.jsx behavior exactly","To be mapped in preservation registry","To be mapped after source review","Must preserve before any UI modernization"
"frontend/src/pages/Clients.jsx","4702","Address and Service Location Details","House / unit no.","placeholder",,"Not detected on same line","Preserve existing Clients.jsx behavior exactly","To be mapped in preservation registry","To be mapped after source review","Must preserve before any UI modernization"
"frontend/src/pages/Clients.jsx","4706","Address and Service Location Details","Postcode                  updateForm(""postcode"", event.target.value)}                   placeholder=""Postcode""                 />","label-window",,"Not detected on same line","Preserve existing Clients.jsx behavior exactly","To be mapped in preservation registry","To be mapped after source review","Must preserve before any UI modernization"
"frontend/src/pages/Clients.jsx","4708","Address and Service Location Details","","Unknown","input","Not detected on same line","Preserve existing Clients.jsx behavior exactly","To be mapped in preservation registry","To be mapped after source review","Must preserve before any UI modernization"
"frontend/src/pages/Clients.jsx","4712","Address and Service Location Details","Postcode","placeholder",,"Not detected on same line","Preserve existing Clients.jsx behavior exactly","To be mapped in preservation registry","To be mapped after source review","Must preserve before any UI modernization"
"frontend/src/pages/Clients.jsx","4717","Address and Service Location Details","Building / House Name                updateForm(""buildingHouseName"", event.target.value)} placeholder=""Building / house name, if any"" />","label-window",,"Not detected on same line","Preserve existing Clients.jsx behavior exactly","To be mapped in preservation registry","To be mapped after source review","Must preserve before any UI modernization"
"frontend/src/pages/Clients.jsx","4719","Address and Service Location Details","Building / house name, if any","placeholder","input","Not detected on same line","Preserve existing Clients.jsx behavior exactly","To be mapped in preservation registry","To be mapped after source review","Must preserve before any UI modernization"
"frontend/src/pages/Clients.jsx","4722","Address and Service Location Details","Continent                updateForm(""continent"", event.target.value)}>                 {CONTINENT_OPTIONS.map((option) => (                   {option}                 ))}","label-window",,"Not detected on same line","Preserve existing Clients.jsx behavior exactly","To be mapped in preservation registry","To be mapped after source review","Must preserve before any UI modernization"
"frontend/src/pages/Clients.jsx","4724","Address and Service Location Details","","Unknown","select","Not detected on same line","Preserve existing Clients.jsx behavior exactly","To be mapped in preservation registry","To be mapped after source review","Must preserve before any UI modernization"
"frontend/src/pages/Clients.jsx","4731","Address and Service Location Details","Region                updateForm(""region"", event.target.value)}>                 {REGION_OPTIONS.map((option) => (                   {option}                 ))}","label-window",,"Not detected on same line","Preserve existing Clients.jsx behavior exactly","To be mapped in preservation registry","To be mapped after source review","Must preserve before any UI modernization"
"frontend/src/pages/Clients.jsx","4733","Address and Service Location Details","","Unknown","select","Not detected on same line","Preserve existing Clients.jsx behavior exactly","To be mapped in preservation registry","To be mapped after source review","Must preserve before any UI modernization"
"frontend/src/pages/Clients.jsx","4740","Address and Service Location Details","Street Address                updateForm(""streetAddress"", event.target.value)} placeholder=""Street address"" />","label-window",,"Not detected on same line","Preserve existing Clients.jsx behavior exactly","To be mapped in preservation registry","To be mapped after source review","Must preserve before any UI modernization"
"frontend/src/pages/Clients.jsx","4742","Address and Service Location Details","Street address","placeholder","input","Not detected on same line","Preserve existing Clients.jsx behavior exactly","To be mapped in preservation registry","To be mapped after source review","Must preserve before any UI modernization"
"frontend/src/pages/Clients.jsx","4755","Address and Service Location Details","updateForm(""correspondenceSameAsResidential"", event.target.checked)}               />               Same as residential address","label-window",,"Not detected on same line","Preserve existing Clients.jsx behavior exactly","To be mapped in preservation registry","To be mapped after source review","Must preserve before any UI modernization"
"frontend/src/pages/Clients.jsx","4756","Address and Service Location Details","","Unknown","input","Not detected on same line","Preserve existing Clients.jsx behavior exactly","To be mapped in preservation registry","To be mapped after source review","Must preserve before any UI modernization"
"frontend/src/pages/Clients.jsx","4778","Address and Service Location Details","","Unknown","input","Not detected on same line","Preserve existing Clients.jsx behavior exactly","To be mapped in preservation registry","To be mapped after source review","Must preserve before any UI modernization"
"frontend/src/pages/Clients.jsx","4783","Address and Service Location Details","Search or type country","placeholder",,"Not detected on same line","Preserve existing Clients.jsx behavior exactly","To be mapped in preservation registry","To be mapped after source review","Must preserve before any UI modernization"
"frontend/src/pages/Clients.jsx","4791","Address and Service Location Details","","Unknown","input","Not detected on same line","Preserve existing Clients.jsx behavior exactly","To be mapped in preservation registry","To be mapped after source review","Must preserve before any UI modernization"
"frontend/src/pages/Clients.jsx","4795","Address and Service Location Details","Correspondence house / unit no.","placeholder",,"Not detected on same line","Preserve existing Clients.jsx behavior exactly","To be mapped in preservation registry","To be mapped after source review","Must preserve before any UI modernization"
"frontend/src/pages/Clients.jsx","4802","Address and Service Location Details","","Unknown","input","Not detected on same line","Preserve existing Clients.jsx behavior exactly","To be mapped in preservation registry","To be mapped after source review","Must preserve before any UI modernization"
"frontend/src/pages/Clients.jsx","4806","Address and Service Location Details","Correspondence postcode","placeholder",,"Not detected on same line","Preserve existing Clients.jsx behavior exactly","To be mapped in preservation registry","To be mapped after source review","Must preserve before any UI modernization"
"frontend/src/pages/Clients.jsx","4812","Address and Service Location Details","Correspondence Building / House Name                    updateForm(""correspondenceBuildingHouseName"", event.target.value)}                     placeholder=""Correspondence building / house name, if any""                   />","label-window",,"Not detected on same line","Preserve existing Clients.jsx behavior exactly","To be mapped in preservation registry","To be mapped after source review","Must preserve before any UI modernization"
"frontend/src/pages/Clients.jsx","4814","Address and Service Location Details","","Unknown","input","Not detected on same line","Preserve existing Clients.jsx behavior exactly","To be mapped in preservation registry","To be mapped after source review","Must preserve before any UI modernization"
"frontend/src/pages/Clients.jsx","4817","Address and Service Location Details","Correspondence building / house name, if any","placeholder",,"Not detected on same line","Preserve existing Clients.jsx behavior exactly","To be mapped in preservation registry","To be mapped after source review","Must preserve before any UI modernization"
"frontend/src/pages/Clients.jsx","4823","Address and Service Location Details","","Unknown","input","Not detected on same line","Preserve existing Clients.jsx behavior exactly","To be mapped in preservation registry","To be mapped after source review","Must preserve before any UI modernization"
"frontend/src/pages/Clients.jsx","4827","Address and Service Location Details","Correspondence town / city","placeholder",,"Not detected on same line","Preserve existing Clients.jsx behavior exactly","To be mapped in preservation registry","To be mapped after source review","Must preserve before any UI modernization"
"frontend/src/pages/Clients.jsx","4834","Address and Service Location Details","","Unknown","input","Not detected on same line","Preserve existing Clients.jsx behavior exactly","To be mapped in preservation registry","To be mapped after source review","Must preserve before any UI modernization"
"frontend/src/pages/Clients.jsx","4838","Address and Service Location Details","Correspondence street address","placeholder",,"Not detected on same line","Preserve existing Clients.jsx behavior exactly","To be mapped in preservation registry","To be mapped after source review","Must preserve before any UI modernization"
"frontend/src/pages/Clients.jsx","4843","Address and Service Location Details","Correspondence State                    updateForm(""correspondenceState"", event.target.value)}                     placeholder=""Correspondence state / province""                   />","label-window",,"Not detected on same line","Preserve existing Clients.jsx behavior exactly","To be mapped in preservation registry","To be mapped after source review","Must preserve before any UI modernization"
"frontend/src/pages/Clients.jsx","4845","Address and Service Location Details","","Unknown","input","Not detected on same line","Preserve existing Clients.jsx behavior exactly","To be mapped in preservation registry","To be mapped after source review","Must preserve before any UI modernization"
"frontend/src/pages/Clients.jsx","4848","Address and Service Location Details","Correspondence state / province","placeholder",,"Not detected on same line","Preserve existing Clients.jsx behavior exactly","To be mapped in preservation registry","To be mapped after source review","Must preserve before any UI modernization"
"frontend/src/pages/Clients.jsx","4852","Address and Service Location Details","Correspondence Notes                    updateForm(""correspondenceNotes"", event.target.value)}                     placeholder=""Example: different mailing address, courier address, office address, service address, or temporary overseas correspondence address.""                   />","label-window",,"Not detected on same line","Preserve existing Clients.jsx behavior exactly","To be mapped in preservation registry","To be mapped after source review","Must preserve before any UI modernization"
"frontend/src/pages/Clients.jsx","4854","Address and Service Location Details","","Unknown","textarea","Not detected on same line","Preserve existing Clients.jsx behavior exactly","To be mapped in preservation registry","To be mapped after source review","Must preserve before any UI modernization"
"frontend/src/pages/Clients.jsx","4857","Address and Service Location Details","Example: different mailing address, courier address, office address, service address, or temporary overseas correspondence address.","placeholder",,"Not detected on same line","Preserve existing Clients.jsx behavior exactly","To be mapped in preservation registry","To be mapped after source review","Must preserve before any UI modernization"
"frontend/src/pages/Clients.jsx","4861","Address and Service Location Details","updateForm(""correspondenceDifferenceConfirmed"", event.target.checked)}                   />                   I confirm the correspondence address is intentionally different from the residential address.","label-window",,"Not detected on same line","Preserve existing Clients.jsx behavior exactly","To be mapped in preservation registry","To be mapped after source review","Must preserve before any UI modernization"
"frontend/src/pages/Clients.jsx","4862","Address and Service Location Details","","Unknown","input","Not detected on same line","Preserve existing Clients.jsx behavior exactly","To be mapped in preservation registry","To be mapped after source review","Must preserve before any UI modernization"
"frontend/src/pages/Clients.jsx","4890","Address and Service Location Details","","Unknown","button/action","Not detected on same line","Preserve existing Clients.jsx behavior exactly","To be mapped in preservation registry","To be mapped after source review","Must preserve before any UI modernization"
"frontend/src/pages/Clients.jsx","4897","Address and Service Location Details","","Unknown","button/action","Not detected on same line","Preserve existing Clients.jsx behavior exactly","To be mapped in preservation registry","To be mapped after source review","Must preserve before any UI modernization"
"frontend/src/pages/Clients.jsx","4898","Address and Service Location Details","","Unknown","button/action","Not detected on same line","Preserve existing Clients.jsx behavior exactly","To be mapped in preservation registry","To be mapped after source review","Must preserve before any UI modernization"
"frontend/src/pages/Clients.jsx","4919","Address and Service Location Details","","Unknown","button/action","Not detected on same line","Preserve existing Clients.jsx behavior exactly","To be mapped in preservation registry","To be mapped after source review","Must preserve before any UI modernization"
"frontend/src/pages/Clients.jsx","4920","Address and Service Location Details","","Unknown","button/action","Not detected on same line","Preserve existing Clients.jsx behavior exactly","To be mapped in preservation registry","To be mapped after source review","Must preserve before any UI modernization"
"frontend/src/pages/Clients.jsx","4939","Address and Service Location Details","","Unknown","button/action","Not detected on same line","Preserve existing Clients.jsx behavior exactly","To be mapped in preservation registry","To be mapped after source review","Must preserve before any UI modernization"
"frontend/src/pages/Clients.jsx","4940","Address and Service Location Details","","Unknown","button/action","Not detected on same line","Preserve existing Clients.jsx behavior exactly","To be mapped in preservation registry","To be mapped after source review","Must preserve before any UI modernization"
"frontend/src/pages/Clients.jsx","4957","Address and Service Location Details","","Unknown","button/action","Not detected on same line","Preserve existing Clients.jsx behavior exactly","To be mapped in preservation registry","To be mapped after source review","Must preserve before any UI modernization"
"frontend/src/pages/Clients.jsx","4958","Address and Service Location Details","","Unknown","button/action","Not detected on same line","Preserve existing Clients.jsx behavior exactly","To be mapped in preservation registry","To be mapped after source review","Must preserve before any UI modernization"
"frontend/src/pages/Clients.jsx","4976","Address and Service Location Details","","Unknown","input","Not detected on same line","Preserve existing Clients.jsx behavior exactly","To be mapped in preservation registry","To be mapped after source review","Must preserve before any UI modernization"
"frontend/src/pages/Clients.jsx","4980","Address and Service Location Details","Select or type administrative category/type","placeholder",,"Not detected on same line","Preserve existing Clients.jsx behavior exactly","To be mapped in preservation registry","To be mapped after source review","Must preserve before any UI modernization"
"frontend/src/pages/Clients.jsx","4987","Address and Service Location Details","","Unknown","input","Not detected on same line","Preserve existing Clients.jsx behavior exactly","To be mapped in preservation registry","To be mapped after source review","Must preserve before any UI modernization"
"frontend/src/pages/Clients.jsx","4995","Address and Service Location Details","Enter administrative area/name/details","placeholder",,"Not detected on same line","Preserve existing Clients.jsx behavior exactly","To be mapped in preservation registry","To be mapped after source review","Must preserve before any UI modernization"
"frontend/src/pages/Clients.jsx","5001","Address and Service Location Details","","Unknown","button/action","Not detected on same line","Preserve existing Clients.jsx behavior exactly","To be mapped in preservation registry","To be mapped after source review","Must preserve before any UI modernization"
"frontend/src/pages/Clients.jsx","5016","Address and Service Location Details","Location / Administrative Area — All-in-One                        updateForm(""secondaryAdministrativeCategory"", event.target.value)}                         placeholder=""Select or type administrative category/type""                       />","label-window",,"Not detected on same line","Preserve existing Clients.jsx behavior exactly","To be mapped in preservation registry","To be mapped after source review","Must preserve before any UI modernization"
"frontend/src/pages/Clients.jsx","5018","Address and Service Location Details","","Unknown","input","Not detected on same line","Preserve existing Clients.jsx behavior exactly","To be mapped in preservation registry","To be mapped after source review","Must preserve before any UI modernization"
"frontend/src/pages/Clients.jsx","5022","Address and Service Location Details","Select or type administrative category/type","placeholder",,"Not detected on same line","Preserve existing Clients.jsx behavior exactly","To be mapped in preservation registry","To be mapped after source review","Must preserve before any UI modernization"
"frontend/src/pages/Clients.jsx","5026","Address and Service Location Details","Administrative Area Details                        updateForm(""secondaryAdministrativeName"", event.target.value)}                         placeholder=""Enter administrative area/name/details""                       />","label-window",,"Not detected on same line","Preserve existing Clients.jsx behavior exactly","To be mapped in preservation registry","To be mapped after source review","Must preserve before any UI modernization"
"frontend/src/pages/Clients.jsx","5028","Address and Service Location Details","","Unknown","input","Not detected on same line","Preserve existing Clients.jsx behavior exactly","To be mapped in preservation registry","To be mapped after source review","Must preserve before any UI modernization"
"frontend/src/pages/Clients.jsx","5031","Address and Service Location Details","Enter administrative area/name/details","placeholder",,"Not detected on same line","Preserve existing Clients.jsx behavior exactly","To be mapped in preservation registry","To be mapped after source review","Must preserve before any UI modernization"
"frontend/src/pages/Clients.jsx","5036","Address and Service Location Details","","Unknown","button/action","Not detected on same line","Preserve existing Clients.jsx behavior exactly","To be mapped in preservation registry","To be mapped after source review","Must preserve before any UI modernization"
"frontend/src/pages/Clients.jsx","5044","Address and Service Location Details","","Unknown","button/action","Not detected on same line","Preserve existing Clients.jsx behavior exactly","To be mapped in preservation registry","To be mapped after source review","Must preserve before any UI modernization"
"frontend/src/pages/Clients.jsx","5062","Address and Service Location Details","Location / Administrative Area — All-in-One                        updateForm(""thirdAdministrativeCategory"", event.target.value)}                         placeholder=""Select or type administrative category/type""                       />","label-window",,"Not detected on same line","Preserve existing Clients.jsx behavior exactly","To be mapped in preservation registry","To be mapped after source review","Must preserve before any UI modernization"
"frontend/src/pages/Clients.jsx","5064","Address and Service Location Details","","Unknown","input","Not detected on same line","Preserve existing Clients.jsx behavior exactly","To be mapped in preservation registry","To be mapped after source review","Must preserve before any UI modernization"
"frontend/src/pages/Clients.jsx","5068","Address and Service Location Details","Select or type administrative category/type","placeholder",,"Not detected on same line","Preserve existing Clients.jsx behavior exactly","To be mapped in preservation registry","To be mapped after source review","Must preserve before any UI modernization"
"frontend/src/pages/Clients.jsx","5072","Address and Service Location Details","Administrative Area Details                        updateForm(""thirdAdministrativeLocation"", event.target.value)}                         placeholder=""Enter administrative area/name/details""                       />","label-window",,"Not detected on same line","Preserve existing Clients.jsx behavior exactly","To be mapped in preservation registry","To be mapped after source review","Must preserve before any UI modernization"
"frontend/src/pages/Clients.jsx","5074","Address and Service Location Details","","Unknown","input","Not detected on same line","Preserve existing Clients.jsx behavior exactly","To be mapped in preservation registry","To be mapped after source review","Must preserve before any UI modernization"
"frontend/src/pages/Clients.jsx","5077","Address and Service Location Details","Enter administrative area/name/details","placeholder",,"Not detected on same line","Preserve existing Clients.jsx behavior exactly","To be mapped in preservation registry","To be mapped after source review","Must preserve before any UI modernization"
"frontend/src/pages/Clients.jsx","5082","Address and Service Location Details","","Unknown","button/action","Not detected on same line","Preserve existing Clients.jsx behavior exactly","To be mapped in preservation registry","To be mapped after source review","Must preserve before any UI modernization"
"frontend/src/pages/Clients.jsx","5090","Address and Service Location Details","","Unknown","button/action","Not detected on same line","Preserve existing Clients.jsx behavior exactly","To be mapped in preservation registry","To be mapped after source review","Must preserve before any UI modernization"
"frontend/src/pages/Clients.jsx","5108","Address and Service Location Details","Location / Administrative Area — All-in-One                        updateForm(""fourthAdministrativeCategory"", event.target.value)}                         placeholder=""Select or type administrative category/type""                       />","label-window",,"Not detected on same line","Preserve existing Clients.jsx behavior exactly","To be mapped in preservation registry","To be mapped after source review","Must preserve before any UI modernization"
"frontend/src/pages/Clients.jsx","5110","Address and Service Location Details","","Unknown","input","Not detected on same line","Preserve existing Clients.jsx behavior exactly","To be mapped in preservation registry","To be mapped after source review","Must preserve before any UI modernization"
"frontend/src/pages/Clients.jsx","5114","Address and Service Location Details","Select or type administrative category/type","placeholder",,"Not detected on same line","Preserve existing Clients.jsx behavior exactly","To be mapped in preservation registry","To be mapped after source review","Must preserve before any UI modernization"
"frontend/src/pages/Clients.jsx","5118","Address and Service Location Details","Administrative Area Details                        updateForm(""fourthAdministrativeLocation"", event.target.value)}                         placeholder=""Enter administrative area/name/details""                       />","label-window",,"Not detected on same line","Preserve existing Clients.jsx behavior exactly","To be mapped in preservation registry","To be mapped after source review","Must preserve before any UI modernization"
"frontend/src/pages/Clients.jsx","5120","Address and Service Location Details","","Unknown","input","Not detected on same line","Preserve existing Clients.jsx behavior exactly","To be mapped in preservation registry","To be mapped after source review","Must preserve before any UI modernization"
"frontend/src/pages/Clients.jsx","5123","Address and Service Location Details","Enter administrative area/name/details","placeholder",,"Not detected on same line","Preserve existing Clients.jsx behavior exactly","To be mapped in preservation registry","To be mapped after source review","Must preserve before any UI modernization"
"frontend/src/pages/Clients.jsx","5128","Address and Service Location Details","","Unknown","button/action","Not detected on same line","Preserve existing Clients.jsx behavior exactly","To be mapped in preservation registry","To be mapped after source review","Must preserve before any UI modernization"
"frontend/src/pages/Clients.jsx","5136","Address and Service Location Details","","Unknown","button/action","Not detected on same line","Preserve existing Clients.jsx behavior exactly","To be mapped in preservation registry","To be mapped after source review","Must preserve before any UI modernization"
"frontend/src/pages/Clients.jsx","5154","Address and Service Location Details","Location / Administrative Area — All-in-One                        updateForm(""fifthAdministrativeCategory"", event.target.value)}                         placeholder=""Select or type administrative category/type""                       />","label-window",,"Not detected on same line","Preserve existing Clients.jsx behavior exactly","To be mapped in preservation registry","To be mapped after source review","Must preserve before any UI modernization"
"frontend/src/pages/Clients.jsx","5156","Address and Service Location Details","","Unknown","input","Not detected on same line","Preserve existing Clients.jsx behavior exactly","To be mapped in preservation registry","To be mapped after source review","Must preserve before any UI modernization"
"frontend/src/pages/Clients.jsx","5160","Address and Service Location Details","Select or type administrative category/type","placeholder",,"Not detected on same line","Preserve existing Clients.jsx behavior exactly","To be mapped in preservation registry","To be mapped after source review","Must preserve before any UI modernization"
"frontend/src/pages/Clients.jsx","5164","Address and Service Location Details","Administrative Area Details                        updateForm(""fifthAdministrativeLocation"", event.target.value)}                         placeholder=""Enter administrative area/name/details or notes""                       />","label-window",,"Not detected on same line","Preserve existing Clients.jsx behavior exactly","To be mapped in preservation registry","To be mapped after source review","Must preserve before any UI modernization"
"frontend/src/pages/Clients.jsx","5166","Address and Service Location Details","","Unknown","input","Not detected on same line","Preserve existing Clients.jsx behavior exactly","To be mapped in preservation registry","To be mapped after source review","Must preserve before any UI modernization"
"frontend/src/pages/Clients.jsx","5169","Address and Service Location Details","Enter administrative area/name/details or notes","placeholder",,"Not detected on same line","Preserve existing Clients.jsx behavior exactly","To be mapped in preservation registry","To be mapped after source review","Must preserve before any UI modernization"
"frontend/src/pages/Clients.jsx","5177","Address and Service Location Details","","Unknown","button/action","Not detected on same line","Preserve existing Clients.jsx behavior exactly","To be mapped in preservation registry","To be mapped after source review","Must preserve before any UI modernization"
"frontend/src/pages/Clients.jsx","5213","Emergency Contact / Next of Kin Details","Emergency Contact Name                updateForm(""emergencyContactName"", event.target.value)} placeholder=""Name"" />","label-window",,"Not detected on same line","Preserve existing Clients.jsx behavior exactly","To be mapped in preservation registry","To be mapped after source review","Must preserve before any UI modernization"
"frontend/src/pages/Clients.jsx","5215","Emergency Contact / Next of Kin Details","Name","placeholder","input","Not detected on same line","Preserve existing Clients.jsx behavior exactly","To be mapped in preservation registry","To be mapped after source review","Must preserve before any UI modernization"
"frontend/src/pages/Clients.jsx","5220","Emergency Contact / Next of Kin Details","","Unknown","input","Not detected on same line","Preserve existing Clients.jsx behavior exactly","To be mapped in preservation registry","To be mapped after source review","Must preserve before any UI modernization"
"frontend/src/pages/Clients.jsx","5224","Emergency Contact / Next of Kin Details","Search/select or type relationship","placeholder",,"Not detected on same line","Preserve existing Clients.jsx behavior exactly","To be mapped in preservation registry","To be mapped after source review","Must preserve before any UI modernization"
"frontend/src/pages/Clients.jsx","5237","Emergency Contact / Next of Kin Details","","Unknown","input","Not detected on same line","Preserve existing Clients.jsx behavior exactly","To be mapped in preservation registry","To be mapped after source review","Must preserve before any UI modernization"
"frontend/src/pages/Clients.jsx","5241","Emergency Contact / Next of Kin Details","+60 Malaysia","placeholder",,"Not detected on same line","Preserve existing Clients.jsx behavior exactly","To be mapped in preservation registry","To be mapped after source review","Must preserve before any UI modernization"
"frontend/src/pages/Clients.jsx","5243","Emergency Contact / Next of Kin Details","","Unknown","input","Not detected on same line","Preserve existing Clients.jsx behavior exactly","To be mapped in preservation registry","To be mapped after source review","Must preserve before any UI modernization"
"frontend/src/pages/Clients.jsx","5246","Emergency Contact / Next of Kin Details","Emergency contact number","placeholder",,"Not detected on same line","Preserve existing Clients.jsx behavior exactly","To be mapped in preservation registry","To be mapped after source review","Must preserve before any UI modernization"
"frontend/src/pages/Clients.jsx","5251","Emergency Contact / Next of Kin Details","Emergency Contact Email                updateForm(""emergencyContactEmail"", event.target.value)} placeholder=""email@example.com"" />","label-window",,"Not detected on same line","Preserve existing Clients.jsx behavior exactly","To be mapped in preservation registry","To be mapped after source review","Must preserve before any UI modernization"
"frontend/src/pages/Clients.jsx","5253","Emergency Contact / Next of Kin Details","email@example.com","placeholder","input","Not detected on same line","Preserve existing Clients.jsx behavior exactly","To be mapped in preservation registry","To be mapped after source review","Must preserve before any UI modernization"
"frontend/src/pages/Clients.jsx","5265","Documentation Verification Status","","Unknown","select","Not detected on same line","Preserve existing Clients.jsx behavior exactly","To be mapped in preservation registry","To be mapped after source review","Must preserve before any UI modernization"
"frontend/src/pages/Clients.jsx","5276","Documentation Verification Status","Document Type *                    updateForm(""documentType"", event.target.value)}>                     {DOCUMENT_TYPE_OPTIONS.map((option) => (                       {option}                     ))}","label-window",,"Detected near field; verify exact existing rule before refactor","Preserve existing Clients.jsx behavior exactly","To be mapped in preservation registry","To be mapped after source review","Must preserve before any UI modernization"
"frontend/src/pages/Clients.jsx","5278","Documentation Verification Status","","Unknown","select","Detected near field; verify exact existing rule before refactor","Preserve existing Clients.jsx behavior exactly","To be mapped in preservation registry","To be mapped after source review","Must preserve before any UI modernization"
"frontend/src/pages/Clients.jsx","5285","Documentation Verification Status","Document Status *                    updateForm(""documentStatus"", event.target.value)}>                     {DOCUMENT_STATUS_OPTIONS.map((option) => (                       {option}                     ))}","label-window",,"Detected near field; verify exact existing rule before refactor","Preserve existing Clients.jsx behavior exactly","To be mapped in preservation registry","To be mapped after source review","Must preserve before any UI modernization"
"frontend/src/pages/Clients.jsx","5287","Documentation Verification Status","","Unknown","select","Detected near field; verify exact existing rule before refactor","Preserve existing Clients.jsx behavior exactly","To be mapped in preservation registry","To be mapped after source review","Must preserve before any UI modernization"
"frontend/src/pages/Clients.jsx","5294","Documentation Verification Status","Verification / Review Status *                    updateForm(""verificationStatus"", event.target.value)}>                     {REVIEW_STATUS_OPTIONS.map((option) => (                       {option}                     ))}","label-window",,"Detected near field; verify exact existing rule before refactor","Preserve existing Clients.jsx behavior exactly","To be mapped in preservation registry","To be mapped after source review","Must preserve before any UI modernization"
"frontend/src/pages/Clients.jsx","5296","Documentation Verification Status","","Unknown","select","Not detected on same line","Preserve existing Clients.jsx behavior exactly","To be mapped in preservation registry","To be mapped after source review","Must preserve before any UI modernization"
"frontend/src/pages/Clients.jsx","5303","Documentation Verification Status","Attach Scanned Copy / Digital Copy                                      File names are matched to the client record. Actual secure document storage needs backend upload support.","label-window",,"Not detected on same line","Preserve existing Clients.jsx behavior exactly","To be mapped in preservation registry","To be mapped after source review","Must preserve before any UI modernization"
"frontend/src/pages/Clients.jsx","5305","Documentation Verification Status","","Unknown","input","Not detected on same line","Preserve existing Clients.jsx behavior exactly","To be mapped in preservation registry","To be mapped after source review","Must preserve before any UI modernization"
"frontend/src/pages/Clients.jsx","5309","Documentation Verification Status","Document Related Reference Notes                    updateForm(""documentRelatedReferenceNotes"", event.target.value)}                     placeholder=""Example: NRIC front/back received, passport page pending, certified true copy required.""                   />","label-window",,"Detected near field; verify exact existing rule before refactor","Preserve existing Clients.jsx behavior exactly","To be mapped in preservation registry","To be mapped after source review","Must preserve before any UI modernization"
"frontend/src/pages/Clients.jsx","5311","Documentation Verification Status","","Unknown","textarea","Detected near field; verify exact existing rule before refactor","Preserve existing Clients.jsx behavior exactly","To be mapped in preservation registry","To be mapped after source review","Must preserve before any UI modernization"
"frontend/src/pages/Clients.jsx","5314","Documentation Verification Status","Example: NRIC front/back received, passport page pending, certified true copy required.","placeholder",,"Detected near field; verify exact existing rule before refactor","Preserve existing Clients.jsx behavior exactly","To be mapped in preservation registry","To be mapped after source review","Must preserve before any UI modernization"
"frontend/src/pages/Clients.jsx","5321","Documentation Verification Status","Internal Remarks and Staff Notes                updateForm(""specialRemarksStaffLawyerNotes"", event.target.value)}                 placeholder=""Important legal/admin notes: discrepancy, urgent matter, contact restriction, sensitivity, unusual instruction.""               />","label-window",,"Not detected on same line","Preserve existing Clients.jsx behavior exactly","To be mapped in preservation registry","To be mapped after source review","Must preserve before any UI modernization"
"frontend/src/pages/Clients.jsx","5323","Documentation Verification Status","","Unknown","textarea","Not detected on same line","Preserve existing Clients.jsx behavior exactly","To be mapped in preservation registry","To be mapped after source review","Must preserve before any UI modernization"
"frontend/src/pages/Clients.jsx","5326","Documentation Verification Status","Important legal/admin notes: discrepancy, urgent matter, contact restriction, sensitivity, unusual instruction.","placeholder",,"Not detected on same line","Preserve existing Clients.jsx behavior exactly","To be mapped in preservation registry","To be mapped after source review","Must preserve before any UI modernization"
"frontend/src/pages/Clients.jsx","5330","Documentation Verification Status","Missing, Unknown or Pending Information                updateForm(""missingInformationNotes"", event.target.value)}                 placeholder=""Record why any field is N/A, unknown, unavailable, or to be confirmed.""               />","label-window",,"Not detected on same line","Preserve existing Clients.jsx behavior exactly","To be mapped in preservation registry","To be mapped after source review","Must preserve before any UI modernization"
"frontend/src/pages/Clients.jsx","5332","Documentation Verification Status","","Unknown","textarea","Not detected on same line","Preserve existing Clients.jsx behavior exactly","To be mapped in preservation registry","To be mapped after source review","Must preserve before any UI modernization"
"frontend/src/pages/Clients.jsx","5335","Documentation Verification Status","Record why any field is N/A, unknown, unavailable, or to be confirmed.","placeholder",,"Not detected on same line","Preserve existing Clients.jsx behavior exactly","To be mapped in preservation registry","To be mapped after source review","Must preserve before any UI modernization"
"frontend/src/pages/Clients.jsx","5370","Documentation Verification Status","","Unknown","button/action","Not detected on same line","Preserve existing Clients.jsx behavior exactly","To be mapped in preservation registry","To be mapped after source review","Must preserve before any UI modernization"
"frontend/src/pages/Clients.jsx","5374","Documentation Verification Status","","Unknown","button/action","Not detected on same line","Preserve existing Clients.jsx behavior exactly","To be mapped in preservation registry","To be mapped after source review","Must preserve before any UI modernization"
"frontend/src/pages/Clients.jsx","5381","Documentation Verification Status","Client Search","label-window",,"Not detected on same line","Preserve existing Clients.jsx behavior exactly","To be mapped in preservation registry","To be mapped after source review","Must preserve before any UI modernization"
"frontend/src/pages/Clients.jsx","5383","Documentation Verification Status","","Unknown","input","Not detected on same line","Preserve existing Clients.jsx behavior exactly","To be mapped in preservation registry","To be mapped after source review","Must preserve before any UI modernization"
"frontend/src/pages/Clients.jsx","5386","Documentation Verification Status","Search name, title, NRIC/passport, document class, phone, email, status, remarks or verification flags","placeholder",,"Not detected on same line","Preserve existing Clients.jsx behavior exactly","To be mapped in preservation registry","To be mapped after source review","Must preserve before any UI modernization"
"frontend/src/pages/Clients.jsx","5494","Documentation Verification Status","","Unknown","button/action","Not detected on same line","Preserve existing Clients.jsx behavior exactly","To be mapped in preservation registry","To be mapped after source review","Must preserve before any UI modernization"
"frontend/src/pages/Clients.jsx","5495","Documentation Verification Status","","Unknown","button/action","Not detected on same line","Preserve existing Clients.jsx behavior exactly","To be mapped in preservation registry","To be mapped after source review","Must preserve before any UI modernization"
"frontend/src/pages/Clients.jsx","5496","Documentation Verification Status","","Unknown","button/action","Not detected on same line","Preserve existing Clients.jsx behavior exactly","To be mapped in preservation registry","To be mapped after source review","Must preserve before any UI modernization"
